[
  {
    "id": "1aaf0774-02ce-4709-9b46-2f3f45dd0726",
    "data": [
      {
        "text": "I want to cycle to ",
        "userDefined": false
      },
      {
        "text": "Milan",
        "meta": "@sys.geo-city",
        "alias": "geo-city-to",
        "userDefined": false
      }
    ],
    "isTemplate": false,
    "count": 0,
    "lang": "en",
    "updated": 0
  },
  {
    "id": "ffab0c1c-37f1-43d1-94b8-bc338dc173cd",
    "data": [
      {
        "text": "I want to cycle from ",
        "userDefined": false
      },
      {
        "text": "Turin",
        "meta": "@sys.geo-city",
        "alias": "geo-city-from",
        "userDefined": false
      }
    ],
    "isTemplate": false,
    "count": 0,
    "lang": "en",
    "updated": 0
  },
  {
    "id": "674680df-3456-402a-9b8b-ab9f4ebdb458",
    "data": [
      {
        "text": "Where can i cycle from ",
        "userDefined": false
      },
      {
        "text": "Turin",
        "meta": "@sys.geo-city",
        "alias": "geo-city-from",
        "userDefined": false
      },
      {
        "text": " to ",
        "userDefined": false
      },
      {
        "text": "Milan",
        "meta": "@sys.geo-city",
        "alias": "geo-city-to",
        "userDefined": false
      },
      {
        "text": "?",
        "userDefined": false
      }
    ],
    "isTemplate": false,
    "count": 0,
    "lang": "en",
    "updated": 0
  },
  {
    "id": "f2eed36a-a1c4-404c-8d15-8de3e1891bae",
    "data": [
      {
        "text": "Describe a cycle route in ",
        "userDefined": false
      },
      {
        "text": "Turin",
        "meta": "@sys.geo-city",
        "alias": "geo-city-from",
        "userDefined": false
      }
    ],
    "isTemplate": false,
    "count": 0,
    "lang": "en",
    "updated": 0
  },
  {
    "id": "b9ab674e-03de-4e24-bfd5-089a1308dc42",
    "data": [
      {
        "text": "I want to cycle",
        "userDefined": false
      }
    ],
    "isTemplate": false,
    "count": 0,
    "lang": "en",
    "updated": 0
  },
  {
    "id": "22c1f783-59c0-455f-a900-ff5f95cfb76a",
    "data": [
      {
        "text": "I would like to cycle from ",
        "userDefined": false
      },
      {
        "text": "Turin",
        "meta": "@sys.geo-city",
        "alias": "geo-city-from",
        "userDefined": false
      },
      {
        "text": " to ",
        "userDefined": false
      },
      {
        "text": "Milan",
        "meta": "@sys.geo-city",
        "alias": "geo-city-to",
        "userDefined": false
      }
    ],
    "isTemplate": false,
    "count": 0,
    "lang": "en",
    "updated": 0
  },
  {
    "id": "557ba894-72ca-428e-9dd2-9063df9a25cf",
    "data": [
      {
        "text": "Tell me a cycling route from ",
        "userDefined": false
      },
      {
        "text": "Turin",
        "meta": "@sys.geo-city",
        "alias": "geo-city-from",
        "userDefined": false
      },
      {
        "text": " to ",
        "userDefined": false
      },
      {
        "text": "Milan",
        "meta": "@sys.geo-city",
        "alias": "geo-city-to",
        "userDefined": false
      }
    ],
    "isTemplate": false,
    "count": 0,
    "lang": "en",
    "updated": 0
  }
]