[
  {
    "id": "539f58e8-abc7-4e4f-9c73-00fd5e32b4fc",
    "data": [
      {
        "text": "please tell me what you can do",
        "userDefined": false
      }
    ],
    "isTemplate": false,
    "count": 0,
    "lang": "en",
    "updated": 0
  },
  {
    "id": "5b79775c-e610-4aeb-808c-c200ff1c7171",
    "data": [
      {
        "text": "How do you work?",
        "userDefined": false
      }
    ],
    "isTemplate": false,
    "count": 0,
    "lang": "en",
    "updated": 0
  },
  {
    "id": "66254a96-53ad-4c16-b5d0-a07b08e60024",
    "data": [
      {
        "text": "How do you plan?",
        "userDefined": false
      }
    ],
    "isTemplate": false,
    "count": 0,
    "lang": "en",
    "updated": 0
  },
  {
    "id": "b68d9539-5f04-488e-84df-80eedf1f0990",
    "data": [
      {
        "text": "How can you plan?",
        "userDefined": false
      }
    ],
    "isTemplate": false,
    "count": 0,
    "lang": "en",
    "updated": 0
  },
  {
    "id": "521bf5aa-3020-4081-bbb1-294be0452e0e",
    "data": [
      {
        "text": "How can you assist me?",
        "userDefined": false
      }
    ],
    "isTemplate": false,
    "count": 0,
    "lang": "en",
    "updated": 0
  },
  {
    "id": "528e34a1-9be0-4896-95df-08e5c154021e",
    "data": [
      {
        "text": "What are your features?",
        "userDefined": false
      }
    ],
    "isTemplate": false,
    "count": 0,
    "lang": "en",
    "updated": 0
  },
  {
    "id": "0900dd72-b3d4-4645-a3eb-19e1c0382bc1",
    "data": [
      {
        "text": "How can you help me?",
        "userDefined": false
      }
    ],
    "isTemplate": false,
    "count": 0,
    "lang": "en",
    "updated": 0
  },
  {
    "id": "e133fe1e-3320-4862-8bae-b879e8d34318",
    "data": [
      {
        "text": "What can you do?",
        "userDefined": false
      }
    ],
    "isTemplate": false,
    "count": 0,
    "lang": "en",
    "updated": 0
  }
]