[
  {
    "id": "cefd75c6-26dc-4cef-9dcb-b71769fea84a",
    "data": [
      {
        "text": "Do you have some suggestions for the equiment?",
        "userDefined": false
      }
    ],
    "isTemplate": false,
    "count": 0,
    "lang": "en",
    "updated": 0
  },
  {
    "id": "a61458a1-bf09-4d58-bb8c-113c9d3be452",
    "data": [
      {
        "text": "What do I have to bring with me?",
        "userDefined": false
      }
    ],
    "isTemplate": false,
    "count": 0,
    "lang": "en",
    "updated": 0
  }
]