[
  {
    "id": "a7ed832d-a906-4c2e-821a-2b3cdae7b05a",
    "data": [
      {
        "text": "I want to hike starting from ",
        "userDefined": false
      },
      {
        "text": "Bussoleno",
        "meta": "@sys.geo-city",
        "alias": "geo-city",
        "userDefined": true
      },
      {
        "text": ". Where do you suggest I should go?",
        "userDefined": false
      }
    ],
    "isTemplate": false,
    "count": 0,
    "lang": "en",
    "updated": 0
  },
  {
    "id": "acd383f8-af86-4ca1-9ea3-c403f833b960",
    "data": [
      {
        "text": "I would like a ",
        "userDefined": false
      },
      {
        "text": "medium-level",
        "meta": "@difficulty",
        "alias": "difficulty",
        "userDefined": true
      },
      {
        "text": " hike from ",
        "userDefined": false
      },
      {
        "text": "Bussoleno",
        "meta": "@sys.geo-city",
        "alias": "geo-city",
        "userDefined": false
      },
      {
        "text": ". Where can I go?",
        "userDefined": false
      }
    ],
    "isTemplate": false,
    "count": 0,
    "lang": "en",
    "updated": 0
  },
  {
    "id": "3228c6d4-a8d3-4569-8d8c-007ac0f54e8b",
    "data": [
      {
        "text": "I would like an ",
        "userDefined": false
      },
      {
        "text": "easy",
        "meta": "@difficulty",
        "alias": "difficulty",
        "userDefined": true
      },
      {
        "text": " hike near ",
        "userDefined": false
      },
      {
        "text": "Bussoleno",
        "meta": "@sys.geo-city",
        "alias": "geo-city",
        "userDefined": false
      },
      {
        "text": ". Which trail do you suggest?",
        "userDefined": false
      }
    ],
    "isTemplate": false,
    "count": 0,
    "lang": "en",
    "updated": 0
  }
]